FIELD_001	TmF0YWxpYSBTYW5kcmEgRXNwaW5vc2E=
FIELD_002	LCBETkkgMjQ0OTA1MjAsIGRlIG5hY2lvbmFsaWRhZCBhcmdlbnRpbmEsIGRlIHByb2Zlc2nDs24gZW1wbGVhZGEsIGRlIGVzdGFkbyBjaXZpbCBjYXNhZGEsIG5hY2lkYSBlbCAyNSBkZSBmZWJyZXJvIGRlIDE5NzUsIGRlIHNleG8gZmVtZW5pbm8sIGNvbiBkb21pY2lsaW8gcmVhbCBlbiBsYSBjYWxsZSBCdXN0YW1hbnRlIDIyNjAsIEouQy4gUGF6LCBQcm92aW5jaWEgZGUgQnVlbm9zIEFpcmVz
FIELD_003	QVNPQ0lBUlQgUy5BLiBBUlQ=
FIELD_004	bGEgYXZlbmlkYSBMZWFuZHJvIE4uIEFsZW0gNjIxLCBDLkEuQi5B
FIELD_005	RWwgU3IuIExlZGVzbWEgTWF4aW1pbGlhbm8gc2UgZGVzZW1wZcOxYSBsYWJvcmFsbWVudGUgZGVzZGUgZWwgMTYvMTIvMjAxMyBjb21vIGNvbmR1Y3RvciBkZSB0cmFuc3BvcnRlIHDDumJsaWNvIGRlIHBhc2FqZXJvcyBwYXJhIGxhIGZpcm1hIFRyYW5zcG9ydGVzIDY4IFMuUi5MLiwgQ1VJVCAzMC01NDYzMzU0OC00LCBjb24gZG9taWNpbGlvIGxhYm9yYWwgZW4gRWN1YWRvciA4MiwgQ2l1ZGFkIEF1dMOzbm9tYSBkZSBCdWVub3MgQWlyZXMsIGVuY29udHLDoW5kb3NlIGFmaWxpYWRvIGEgRXhwZXJ0YSBBUlQgUy5BLi4=
FIELD_006	RW4gZWwgbWFyY28gZGUgZGljaGEgcmVsYWNpw7NuIGxhYm9yYWwsIGVsIGFjdG9yIGN1bXBsZSBqb3JuYWRhcyBleHRlbnNhcyB5IHJvdGF0aXZhcywgZGUgbHVuZXMgYSBsdW5lcyBjb24gdW4gZnJhbmNvIHNlbWFuYWwgdmFyaWFibGUsIGRlc2VtcGXDscOhbmRvc2UgaGFiaXR1YWxtZW50ZSBlbiBlbCByZWNvcnJpZG8gY29tcHJlbmRpZG8gZW50cmUgUGxhemEgT25jZSB5IFB1ZW50ZSBTYWF2ZWRyYSwgbG8gcXVlIGltcGxpY2EgbGFyZ29zIHBlcsOtb2RvcyBkZSBjb25kdWNjacOzbiBjb250aW51YSwgcGVybWFuZW5jaWEgcHJvbG9uZ2FkYSBlbiBwb3NpY2nDs24gc2VudGFkYSwgZXhwb3NpY2nDs24gY29uc3RhbnRlIGEgdmlicmFjaW9uZXMsIGV4aWdlbmNpYXMgcG9zdHVyYWxlcyBmb3J6YWRhcyB5IG1vdmltaWVudG9zIHJlcGV0aXRpdm9zIGRlIGxhIGNvbHVtbmEgdmVydGVicmFsLCBwYXJ0aWN1bGFybWVudGUgZW4gbG9zIHNlZ21lbnRvcyBjZXJ2aWNhbCB5IGx1bWJhci4=
FIELD_007	RGVzZGUgaGFjZSB0aWVtcG8gcHJldmlvIGEgbGEgZGVudW5jaWEgZm9ybWFsLCBlbCBhY3RvciBjb21lbnrDsyBhIHByZXNlbnRhciBkb2xvcmVzIHBlcnNpc3RlbnRlcyBlbiBjb2x1bW5hIGNlcnZpY2FsIHkgbHVtYmFyLCBjb24gcmlnaWRleiwgbGltaXRhY2nDs24gZnVuY2lvbmFsIHkgZGlmaWN1bHRhZCBwYXJhIGxhIG1vdmlsaWRhZCwgc8OtbnRvbWFzIHF1ZSBzZSBmdWVyb24gaW50ZW5zaWZpY2FuZG8gcHJvZ3Jlc2l2YW1lbnRlIGNvbW8gY29uc2VjdWVuY2lhIGRpcmVjdGEgZGUgbGFzIGNvbmRpY2lvbmVzIGhhYml0dWFsZXMgZGUgdHJhYmFqbyBkZXNjcmlwdGFzLCBwcm9waWFzIGRlIGxhIGFjdGl2aWRhZCBkZSBjaG9mZXIgcHJvZmVzaW9uYWwgZGUgdHJhbnNwb3J0ZSB1cmJhbm8u
FIELD_008	RW4gZGljaG8gY29udGV4dG8sIHkgYW50ZSBsYSBwZXJzaXN0ZW5jaWEgZSBpbmNyZW1lbnRvIGRlIGxhIHNpbnRvbWF0b2xvZ8OtYSBkb2xvcm9zYSwgZWwgYWN0b3IgY3Vyc8OzIGRpc3RpbnRhcyBjb25zdWx0YXMgbcOpZGljYXMsIGNvbnN0YXTDoW5kb3NlIG1lZGlhbnRlIGVzdHVkaW9zIGNvbXBsZW1lbnRhcmlvcyBhbHRlcmFjaW9uZXMgY29tcGF0aWJsZXMgY29uIHBhdG9sb2fDrWEgZGUgY29sdW1uYSwgdGFsZXMgY29tbyByZWN0aWZpY2FjacOzbiBkZSBsYXMgY3VydmF0dXJhcyBmaXNpb2zDs2dpY2FzIGNlcnZpY2FsIHkgbHVtYmFyLCBjYW1iaW9zIGRlZ2VuZXJhdGl2b3MgZGlzY2FsZXMgeSBwcm90cnVzaW9uZXMsIHRvZG8gZWxsbyBhY29yZGUgY29uIGN1YWRyb3MgZGUgc29icmVjYXJnYSBtZWPDoW5pY2EgY3LDs25pY2EgeSBnZXN0b3MgcG9zdHVyYWxlcyByZXBldGl0aXZvcy4=
FIELD_009	Q2FiZSBkZXN0YWNhciBxdWUsIHNpIGJpZW4gZWwgYWN0b3Igc3VmcmnDsyB1biBldmVudG8gdHJhdW3DoXRpY28gZW4gb2Nhc2nDs24gZGUgZW5jb250cmFyc2UgcHJlc3RhbmRvIHRhcmVhcyBlbCAyNC8wNS8yMDI0LCBkaWNobyBlcGlzb2RpbyBubyBhZ290w7MgbmkgZXhwbGljYSBwb3Igc8OtIHNvbG8gZWwgY3VhZHJvIGNsw61uaWNvIHF1ZSBwcmVzZW50YSBlbiBsYSBhY3R1YWxpZGFkLCBlbCBjdWFsIHJlc3BvbmRlIGEgdW5hIHBhdG9sb2fDrWEgZGUgZXZvbHVjacOzbiBwcm9ncmVzaXZhLCBkaXJlY3RhbWVudGUgdmluY3VsYWRhIGEgbGFzIGNvbmRpY2lvbmVzIGhhYml0dWFsZXMgeSBwZXJtYW5lbnRlcyBkZSB0cmFiYWpvLCBxdWUgc2UgbWFuaWZlc3Rhcm9uIHkgY29uc29saWRhcm9uIGNvbiBlbCB0cmFuc2N1cnNvIGRlbCB0aWVtcG8u
FIELD_010	RnJlbnRlIGEgbGEgY29udGludWlkYWQgZGUgbG9zIHPDrW50b21hcywgZWwgMDEvMTIvMjAyNSBlbCBhY3RvciBwcm9jZWRpw7MgYSBkZW51bmNpYXIgZm9ybWFsbWVudGUgbGEgZW5mZXJtZWRhZCBwcm9mZXNpb25hbCBhbnRlIGxhIEFSVCwgbWVkaWFudGUgZWwgZW52w61vIGRlIHRlbGVncmFtYSBsYWJvcmFsLCBwb25pZW5kbyBlbiBjb25vY2ltaWVudG8gbG9zIGRvbG9yZXMgaW50ZW5zb3MgZGUgY29sdW1uYSB2ZXJ0ZWJyYWwgeSBsYXMgY29uc2VjdWVudGVzIGxpbWl0YWNpb25lcyBmdW5jaW9uYWxlcywgc29saWNpdGFuZG8gbGFzIHByZXN0YWNpb25lcyBtw6lkaWNhcyB5IGRpbmVyYXJpYXMgY29ycmVzcG9uZGllbnRlcy4=
FIELD_011	Tm8gb2JzdGFudGUgZWxsbywgbGEgQVJUIGRlbWFuZGFkYSBlZmVjdHXDsyB1bmEgZXZhbHVhY2nDs24gbcOpZGljYSBpbnN1ZmljaWVudGUgeSBmcmFnbWVudGFyaWEsIGxpbWl0w6FuZG9zZSBhIGxhIHJlYWxpemFjacOzbiBkZSB1biBlc3R1ZGlvIGRlIHJlc29uYW5jaWEgbWFnbsOpdGljYSDDum5pY2FtZW50ZSBkZSBsYSByZWdpw7NuIGx1bWJhciwgb21pdGllbmRvIHRvZGEgdmFsb3JhY2nDs24gaW50ZWdyYWwgZGUgbGEgY29sdW1uYSBjZXJ2aWNhbCB5IHNpbiBpbmRpY2FyIHRyYXRhbWllbnRvIGFkZWN1YWRvIG5pIHByZXN0YWNpb25lcyBkZSByZWhhYmlsaXRhY2nDs24gYWNvcmRlcyBhIGxhIHBhdG9sb2fDrWEgZGVudW5jaWFkYS4=
FIELD_012	RmluYWxtZW50ZSwgbWVkaWFudGUgY2FydGEgZG9jdW1lbnRvIGRlIGZlY2hhIDE3LzEyLzIwMjUsIGxhIEFSVCBub3RpZmljw7MgZWwgcmVjaGF6byBkZSBsYSBlbmZlcm1lZGFkIHByb2Zlc2lvbmFsLCBhdHJpYnV5ZW5kbyBlbCBjdWFkcm8gYSB1bmEgc3VwdWVzdGEgcGF0b2xvZ8OtYSBpbmN1bHBhYmxlIHkgbmVnYW5kbyBsYSBjb2JlcnR1cmEsIHBlc2UgYSBxdWUgbGEgc2ludG9tYXRvbG9nw61hLCBsb3MgZXN0dWRpb3MgbcOpZGljb3MgeSBsYXMgY29uZGljaW9uZXMgZGUgdHJhYmFqbyBkZWwgYWN0b3IgcmVzdWx0YW4gcGxlbmFtZW50ZSBjb21wYXRpYmxlcyBjb24gdW5hIGVuZmVybWVkYWQgcHJvZmVzaW9uYWwgZGVyaXZhZGEgZGUgY2FyZ2EgcG9zdHVyYWwsIGdlc3RvcyByZXBldGl0aXZvcyB5IHNvYnJlY2FyZ2EgZGUgbGEgY29sdW1uYSB2ZXJ0ZWJyYWwsIGNvbmZvcm1lIGxhIG5vcm1hdGl2YSB2aWdlbnRlLg==
FIELD_013	Q29tbyBjb25zZWN1ZW5jaWEgZGUgZWxsbywgZWwgYWN0b3IgY29udGluw7phIHBhZGVjaWVuZG8gZG9sb3JlcyBjZXJ2aWNhbGVzIHkgbHVtYmFyZXMgcGVyc2lzdGVudGVzLCBjb24gbGltaXRhY2lvbmVzIHBhcmEgcGVybWFuZWNlciBzZW50YWRvIG8gY2FtaW5hciBwb3IgcGVyw61vZG9zIHByb2xvbmdhZG9zLCBhZmVjdMOhbmRvc2Ugbm8gc29sbyBzdSBjYXBhY2lkYWQgbGFib3JhbCBzaW5vIHRhbWJpw6luIHN1IHZpZGEgY290aWRpYW5hIHkgZGUgcmVsYWNpw7NuLg==
FIELD_014	QW50ZSBlbCByZWNoYXpvIGFyYml0cmFyaW8gZSBpbmZ1bmRhZG8gZGUgbGEgQVJULCB5IGVuY29udHLDoW5kb3NlIGRlbnRybyBkZWwgcGxhem8gbGVnYWwsIGVsIGFjdG9yIHNlIHZlIG9ibGlnYWRvIGEgcHJvbW92ZXIgbGEgcHJlc2VudGUgYWNjacOzbiBhIGZpbiBkZSBxdWUgc2UgcmVjb25vemNhIGVsIGNhcsOhY3RlciBwcm9mZXNpb25hbCBkZSBsYSBlbmZlcm1lZGFkIGRlbnVuY2lhZGEgeSBzZSBsZSBvdG9yZ3VlbiBsYXMgcHJlc3RhY2lvbmVzIHF1ZSBsZWdhbG1lbnRlIGxlIGNvcnJlc3BvbmRlbi4=
FIELD_015	WyVd
FIELD_016	cGFyYSBbTEVTScOTTiBFU1BFQ8ONRklDQSBDT01PIEZJR1VSQSBFTiBFTCBCQVJFTU9d
FIELD_017	TGFzIHNlY3VlbGFzIGRlc2NyaXB0YXMgc2UgZW5jdWVudHJhbiByZXNwYWxkYWRhcyBlbiBsYSBkb2N1bWVudGFjacOzbiBtw6lkaWNhIHF1ZSBzZSBhY29tcGHDsWEsIGxhIGN1YWwgZGEgY3VlbnRhIGRlIGxhIGV2b2x1Y2nDs24gY2zDrW5pY2EgZGVsIGN1YWRybyB5IGRlIGxhcyBsaW1pdGFjaW9uZXMgZnVuY2lvbmFsZXMgcGVyc2lzdGVudGVzLg==
FIELD_018	ZGVsIHN1c2NyaXB0by4=
FIELD_019	ZGVsIHN1c2NyaXB0by4=
FIELD_020	ZWwgc3VzY3JpcHRv
FIELD_021	ZGVsIHN1c2NyaXB0bw==
FIELD_022	ZWwgc3VzY3JpcHRvLi0=
FIELD_023	ZWwgc3VzY3JpcHRvLi0=
FIELD_024	RS4=
FIELD_025	UHJ1ZWJhIHRlc3RpbW9uaWFs
